ip_location,content,label
天津,摆脱贫穷和跨越阶级最快的捷径不是学习，而是结婚！找一个能带飞的大哥或者富婆！,0.0
上海,有了宝贝以后才知道，和她一起玩太幸福了[泣不成声],0.0
未知,想那么多累不累,1.0
北京,我觉得还好 老就老吧 至少你获得一个可爱的娃 如果不生娃 万一心态不好 没准焦虑的更老[笑哭R],0.0
未知,挂不得我能坚持到43 心态都不变 这四个我都是,1.0
未知,[吃瓜R]不会,1.0
上海,为什么不能说？触碰了谁的利益不能说？还有人能逼我结不结婚？,1.0
河北,我就是这样的观点[赞],1.0
云南,多了两个牵挂的人,0.0
山西,没用就是玩,1.0
四川,不可否认的是相比十几年前物质生活的确更丰富了，但贫富差距被极端拉大，公平不在，权势者垄断官场，资本家垄断市场，想成功机会更加困难，年轻人结婚买房生子难于上青天，经济的崩溃才开始，所以总体来看除了物质生活的确提升了，人民的幸福感，尊严感，信任感，公平性，财富机会正在大幅全面下降。,1.0
福建,我也同意，我女儿刚刚高考完，我跟她说你可以不嫁人，但是一定要有能力养活自己，,1.0
天津,算哪门子丁克。。。,1.0
广东,生，生他两三个,0.0
河北,发际线哪里去了,1.0
未知,[点赞R][点赞R][点赞R],1.0
未知,生孩子这件事本质上就是自私的，所以无所不用其极也就显得稀松平常了,1.0
甘肃,我最喜欢叫我女儿兄弟，我就喜欢跟她一起嘻嘻哈哈，这是别的角色给不了的，,0.0
浙江,生小孩一起干饭,0.0
湖南,你不生他也不生以后还有人类文明吗？,0.0
重庆,我和博主刚好相反。我是个非常没有责任感的人，我害怕生了孩子烦了又想丢了会违法，到时候还要接受法律的制裁。风险太大,2.0
湖南,我也无孩,2.0
黑龙江,现在不想要孩子是因为有足够的安全感，而这份安全感来自父母。可以不结婚不生子，年轻的时候确实爽，老了，等父母走了，等安全感没了你试试，等着挨护工的嘴巴子吧,0.0
山东,奶奶说的不是心里话.她肯定一生都在乐颠颠的为孩子吃苦耐劳.她只是说说而已[捂脸],1.0
河南,[灵机一动]很幸福啊,0.0
未知,正合我心意，但是还是要签婚前协议，结扎啥的还是要做一下，我怕他反悔[doge],2.0
广西,没有小孩撑腰，在老年公寓有在多的钱也挨工作人员看不起的,0.0
中国香港,虽然我有娃也很享受养娃过程中的酸甜苦辣，但并不妨碍我羡慕你现在的生活状态，可惜人生只有一次，不然都尝试一下也挺好,0.0
浙江,卧槽，我想法跟你一模一样,1.0
浙江,[抱抱你]自从有了宝宝，焦虑少了好多。我好爱她，也好爱我妈,0.0
未知,带孩子太累,2.0
江苏,"在三四十岁的某一天，你会突然发现，生命中最好的事，都已经发生过了，剩下的只是重复和老去，一年年，一天天。
而孩子会冲走重复，让生活重新变得末知。Ta让你烦恼，让你牵挂，让你欢喜，让你惊讶，让你再
经历一次童年，让你明白当年父母的心境，让你有理由买曾经求而不得的玩具，让你在痛苦时坚强，在危机中冷静，让你看到童年时的自己，看到他的勇敢，他的好奇，他的局促，他的不安，从而更好的理解自己，接受自己。
父母养育了孩子，孩子也陪伴了父母，父母和孩子滋养了彼此，也成就了彼此。在飞逝的时光中，他让未来有所期待。",0.0
江苏,不求回报的爱,0.0
上海,[萌萌哒R]没孩子有一堆好处，但是老了这我不确定，但是你要先考虑你能不能熬到你老了。生了老公万一和死了一样，你等于丢了西瓜，多了芝麻。老人帮你还好，不帮你也正常[偷笑R]，然后人力财力精力全方位把你搞抑郁。我个人认为你要足够财力足够成熟，要了你就要做好最坏的打算，你搞清楚自己挺不挺的过来，挺过现在再议吧。,1.0
广东,的确不容易,1.0
未知,天赐良缘！！！！[萌萌哒R],0.0
山东,晚上去操场和六岁的儿子一起踢足球，看着他那么开心的笑，我感觉也回到了童年。,0.0
未知,在大学  被说思想幼稚  之前跟个男生聊过他说“你以后就不这么想了” 标准男性回答,2.0
湖南,有了他，他就是我的最重要的人我爱我的宝贝,0.0
未知,我觉得你找的不是老公[微笑R],1.0
广东,生小孩的重任就靠第一位大哥了[比心],1.0
未知,我想有个宝宝，因为我根深蒂固的传统思想，结婚生子，后来27.8岁如愿和初恋在一起了，发现自己很嫌弃他33岁时，天时地利人和怀孕了，胎停，今年34岁.天时地利人和➕保胎，胎停，我没有勇气再去怀孕生小孩，只因为我自己身心俱伤，我想要小孩，是因为我觉得这是一种生命的传承，我只是个不能再普通的人，没有大的智慧或者想法想要去完成，但天不遂人愿，它只是旁观者,0.0
安徽,多进老年公院，有谁来管你,0.0
湖南,人家和我们生活的环境，和接受的教育不一样。观念有所差异，这也算正常的事！,1.0
贵州,快乐啊！！！！！[呲牙][呲牙][呲牙],1.0
江西,所以有什么用呢？,1.0
重庆,要孩子，就是百年之后你在这世界留下的那么一点印记。仅此而已！,0.0
辽宁,结婚的钱没算[doge],1.0
未知,我才不管别人，就是单纯喜欢孩子而已，我生孩子不是为别人生的[偷笑R]如果你都把自己当做给别人生孩子的工具，这个孩子不生也罢,0.0
韩国,不生孩子自己自愿选择进不进养老院，生了孩子不自愿也得进养老院[偷笑R],2.0
福建,一男一女 开心快乐[微笑],0.0
未知,好惨一女的[石化R][石化R][石化R]老公靠不住，婆婆还说坏话[笑哭R][笑哭R][笑哭R]最后自己整个阿Q精神胜利法[笑哭R],2.0
广东,一些事业单位的人材，生个小孩除开产假发岗位工资外，还有各种补贴，这样下来，还能多赚两三万，男人也有一头半个月的陪产假，小孩一出生就有单位的保险，未没一周岁还有什么奶粉钱，妈妈可以提前2个小时下班，怎样跟他们比？我怎么知道？因为隔壁的晒出来的，是什么单位？是珠海的某国企[偷笑R],1.0
北京,人间通透,1.0
未知,感谢分享！,1.0
福建,万一我来不及老就嘎了呢？那我有限的人生不就只剩下快乐了吗,1.0
IP未知,靠孩子养老呗,0.0
重庆,死了有人给你收尸,1.0
广东,我家婆她们把我老公的外公送进养老院了[暗中观察],2.0
未知,第八点是最不需要害怕的，死亡对谁都很公平，不是你身边有人，他就能把死神斩了，把你留下。佛教里人去世之后的特定时间里是不能够动身体的，痛如千刀万剐，如果身边有人早就给你各种折腾了,1.0
IP未知,我没生孩子，但我也没有钱。,2.0
广东,好多猫猫[灵机一动],1.0
辽宁,赠送各位四个大字《顺其自然》,1.0
四川,你会觉得哇，好神奇的小东西,0.0
浙江,当丁克成为普遍，相应的社会配套也会发展起来，轮不到咱们操心,2.0
广东,人类灭绝跟我没一毛钱关系[不失礼貌的微笑]姐妹们都单起来,2.0
重庆,爱自己错了吗？生孩子比起男人女人付出太多了，现在独立的女性付不是这样代价。谁都会权衡利弊，女人在这件事上没有任何利益可得？为什么要站在道德制高点绑架女性？,2.0
福建,我老家有一位亲戚，生了一男一女，她妈妈得癌症了医生叮嘱她女儿说叫她今天带她妈妈去医院化疗，可以多活几年，然后她女儿怕花钱就随便敷衍几句，一直拖，结果现在她妈妈病情恶劣了，过不了几天了，她怕村里人说她就跑去外地躲起来了，她儿子呢被家里人骂才回来的，所以我觉得生孩子没用[尬笑],2.0
未知,好厉害👍🏻做事情这么有条理 把生活安排得这么好的父母  值得拥有两个娃,0.0
未知,点赞少于十万的视频我都不看[捂脸],1.0
陕西,没生，三十岁鱼尾纹法令纹抬头纹已经很严重了，看起来干巴巴，我哭死[哭惹R][哭惹R],1.0
广东,刚刚正好心情很低落，带两个孩子真的好累好累好累啊，家里有干不完的家务，两个娃又整天妈妈妈妈妈妈的叫[泣不成声],2.0
浙江,确实老了 我感觉我到时候生完也会这样[哭惹R][哭惹R][哭惹R],0.0
浙江,属于是遥遥领先了我，19岁父母都去世了。直接顶到65-75的阶段，没有什么孤不孤单的，相对于孤单我更怕生小孩被气到爆血管，时间定格在35岁,2.0
未知,他是理解你。但你如果这辈子不生育，他肯定会离婚，不用想，肯定会。,1.0
四川,我宝宝来陪我。我谢谢宝宝选择我做妈妈。,0.0
河北,想让孩子体会我没有体会过的美好,0.0
山东,前几天我晚上在屋里听到我爸在和我妈说，等结婚了，给我们生两个大孙子就行了[尬笑],0.0
广东,养这么多猫[不失礼貌的微笑],1.0
未知,未育不育的人很少关心已育的人小孩教好了吗养小孩钱够不够小孩心理健康不健康能不能上大学找不找得到工作，已育的天天自己家不顾好小嘴叭叭叭管未育不育的干啥？吃饱了真是,1.0
四川,我觉得，不给社会添负担就很好了，现在极具老年化的时代全都在花未来的钱来填窟窿，根本就没必要让小孩来这世界上吃苦,2.0
广东,可以让你知道你的忍耐极限到哪里,1.0
浙江,二胎更明显。如果没有人一直帮忙带，又操心一胎又哺乳二胎，直接老十岁（眼观真实事件感悟）,1.0
浙江,我觉得没孩子需要一个强大的内心，不是因为孩子能帮你做什么，而是因为有孩子的道路目前是大众化的，对比自己差不多的阶层群体同事朋友未来10年20年是什么情况大部分都能看得到了，而丁克这条路在生活中还是少数，未知的总是让人害怕的，所以那么多人说没孩子等老了就知道苦了，其实就是对于未知的未来的焦虑。,0.0
未知,二十岁的时候不知道四十岁的想法，反正我是一会一变，带孩子肯定累,1.0
未知,体会爱和被爱的过程。,1.0
河北,我也觉得楼主生完之后整个人都变得极温柔,0.0
广东,第一个人一把岁数了还没活明白,1.0
未知,我巴不得不生孩子[偷笑R][偷笑R],2.0
上海,挺好的[微笑R]只要能自洽,1.0
吉林,古人说忠孝不能两全，这句话放到现在也合适，你选择培养一个有能力的人，能力越大责任越大，他势必要去报效国家社会，势必不会陪你身边，如果选择把孩子圈再身边，他势必回成为一个碌碌无为的平庸的人，势必会继承你的忙碌，贫穷，痛苦，然后为了下一代继续苦苦奋斗，所以，该怎么选呢,0.0
山东,通透[赞],1.0
未知,你有孩子么,1.0
浙江,我爱我儿,0.0
河北,现在人不生孩子是因为有更多事情可以做了，精神上有更多选择，归根结底还是社会环境和信息化泛滥，以前多穷，人们除了吃饭就是务工，没有别的事情和精神娱乐，所以一家至少四个,1.0
未知,哪里有 巴不得,1.0
未知,纪念逝去的青春。如果我小时候有人送我一台绝对辨音器，我现在绝对是音乐天才，我觉得有可能！,1.0
未知,我还以为是怀孕技术呢,1.0
辽宁,有用啊，当奴隶,2.0
山东,对我而言，我学历本科，工作压力大，虽然没有房贷车贷，但是对比周围人，我的条件是比较不好的，我可能只会生一个，我不想当别人家的孩子各种玩具的时候我还在纠结哪个玩具合适，别人家的孩子一堆堆衣服的时候，我在考虑买大一号穿的更久。,0.0
未知,这个不好说啊，我没办法去定义别人，不过作为个人的话我是不想的哈，主要我是学教育的哈，所以我知道要教育好一个小朋友是挺难的，而我并不觉得我能带好一个小朋友[笑哭R],2.0
重庆,最大区别是有孩子和没孩子[暗中观察R],1.0
广西,别把自己看的太重要,1.0
未知,不想不想 但又不能[发怒][发怒][发怒],2.0
湖北,我应该活不到75。,1.0
河南,如果生重病了在医院 老伴也死了 我该怎么办？[皱眉][皱眉][皱眉],0.0
江苏,地铁上看到那种年轻的妈妈，想说孩子这么小，肯定很年轻，但年龄是一回事，一看就是孩子妈的妇女了[笑哭R],1.0
未知,哲学家说人生都说没有意义[捂脸] 还说生孩子,2.0
广东,所以我和我老公一直没特意去要孩子，有就有，没有就没有[笑哭R][笑哭R][笑哭R],1.0
浙江,孩子太优秀，出了国，人财两空。,0.0
重庆,清醒点儿，活到退休都不错了，还想活到105...,1.0
新疆,生命的延续,0.0
贵州,[捂脸]大娘是过来人，养孩子没用。,2.0
江西,某些人爱生多生点[比心]国家靠你们了，反正我是靠不住的[比心],0.0
广东,40 50旅游有啥好玩的[失望R][失望R][失望R]都不是年轻时的风景了,1.0
浙江,奉劝大家  生活中别和自己三观不同的人多费口舌,1.0
未知,我晕要这样的话都不用结婚生子了 看看身边知道结婚生子好像都一般般工资,1.0
吉林,第三点说的就是我😭 责任感太强 (*꒦ິ⌓꒦ີ) 做不好会自责(˃⌑˂ഃ),1.0
重庆,我觉得说的对啊，有什么问题？,1.0
天津,找到对的人结婚很幸福，有了孩子也很快乐,0.0
北京,生一个得了，多了折寿30年[泪奔],0.0
未知,只能说我可以管好我自己的子宫 如果我想有一个小孩 那可以有 我不想有 那就不会有 父母很支持 暂时的想法是不婚不育 未来走一步看一步 对得起自己就行,1.0
未知,我的现实中几乎没有,1.0
未知,生完孩子3个月了，身材一塌糊涂，一周几次ƬᎥyab好啊？,0.0
未知,91，不想生，但又有压力。再拖一拖吧,2.0
重庆,看起来气血很好，很阳光呢！,1.0
重庆,我妈40多了还准备再跟我叔叔省一胎，我害怕婚姻,2.0
未知,生孩子的前提是 我已经给自己的孩子证明了人生是幸福的，但抱歉 我目前还没法证明。,2.0
未知,手动点赞，很客观真实的表述，希望更多的女生能看到，看进去。,1.0
广东,都别生，不能让下一代继续当韭菜，而且是喝核污水长大的韭菜，这叫行善积德,2.0
江西,真是这样，亲戚的亲戚有个考上清华大学唯一一个考出去了，也是个当官的，从不回家看父母，只有拿钱，两个老人也有退休工资，上半年疫情白肺走了，就烧的那天那天来了当晚飞机走了，还剩了一个母亲，搞得也老年痴呆，现在女儿照顾说如果意外走了不要叫我，房子卖了5个女儿解决，唯一一个崽[泪奔][泪奔],1.0
未知,人确实需要感情寄托，但是我不会把孩子当做感情寄托，养宠物，运动健身都可以,1.0
江苏,没有啊,1.0
广东,[呲牙]问一下玉米口感怎么样，是网上买的？,1.0
江苏,没用我也生了，别推荐给我了[舔屏],1.0
未知,一个人都过不好还想着靠孩子能消除孤独感，最后只会成为一个没有个人精神世界且控制欲强的家长。,2.0
北京,但我不喜欢离别，我也没有信心自己能有足够的心胸和智慧。所以更能打动我的是另一个观点：孩子是让我们生命有新鲜感的存在。[抱抱你],0.0
山东,感觉老了15岁,1.0
未知,86 不生咯,2.0
湖北,喜欢看你写的东西，很舒服，语言匮乏的我不知道怎么表达喜爱，以后会多多关注你要多写哦[皱眉R],1.0
未知,分娩一千多[笑哭R]社保补贴九成 自己给一百多[笑哭R],1.0
江苏,也不想想为什么不想生 一对男的急了[送心],2.0
安徽,生完浑身散发着母性光辉[doge]，眼里还是有光的,0.0
未知,我觉得父母跟孩子更多的是互相给予，互相照顾，但是现在有大部分父母，他们对孩子更多的是利用，因为现在的人大多数都是利己的，就是有的人他自己婚姻不幸福，他已经被他身边，父母给驯服了，说一定要当个贤妻良母，有时候他自己过的都不幸福，他还要劝别人结婚，这样的人，这个世界上有很多也不是没有,1.0
未知,结啊 结婚又不是为了生孩子,1.0
广西,但是她要求她子女生。[呲牙][呲牙]别人的最好不生,1.0
北京,我不能让我的孩子跟我受一样的苦,2.0
吉林,我都不一定能活到65[偷笑R][偷笑R],1.0
广西,这个奶奶看的很通透[猪头][赞],1.0
未知,没孩子但是有猫咪：7点两只猫在打架，把桌子上的东西都打下来了，开始收拾[哭惹R],1.0
广东,那我爸妈付出的更多  超出你的这个表了   我一直私立学校    爸妈还给我买房子,1.0
云南,去问问中国的第一批丁克就知道了[看],1.0
未知,穷的话 生不生都惨。 有钱的丁克不要太爽[偷笑R][偷笑R][偷笑R][偷笑R],1.0
未知,写的非常中肯。,1.0
北京,有个小闺密 饭搭子,0.0
未知,博主讲的很真实，我自己喜欢小孩才选择生娃，也不是为了所谓的防老。,0.0
河北,他们伴你成长，你们伴他们成长,0.0
未知,不要要,2.0
未知,还没，繁殖期还没到，再等几年看看[大笑R],1.0
北京,哈哈哈哈这个问题应该是真活到80岁上下还没孩子的人来现身说法才有说服力吧。都是年轻人的臆测，我现在看到60多岁没孩子的都说挺好，没啥后悔,1.0
江苏,看见没有，不生孩子可以活105岁！！！,2.0
重庆,还是得有钱吧，没钱可能真的还是只能靠原始的亲情依靠一下,1.0
加拿大,生了一个的非常理解和认同你。虽然我有一个，但也是刚结婚怀孕了就想着生就生了。可是无论如何谁劝也不会生第二个了，我也不喜欢小孩，虽然也不讨厌。我真的是责任感很强，母爱不足的人。对小孩，对父母都是凭着责任感在扮演者别人眼里的好妈妈好女儿。我和老公都期待着孩子上大学离开家我们解放的那一天。,0.0
山东,也就是个精神寄托，其他的没什么用,0.0
未知,女人心理身体金钱都准备好了，生一打都很欢乐。没有这些条件前提生一个估计都会抑郁后追随马克思去，养儿防老早过时了，剩下的都是养儿啃老。,1.0
广东,这是真的，特别生完二胎后，断崖式衰老。[哭惹R]聚会个个都说我怎么突然变憔悴很多[捂脸R],0.0
新疆,怎么说呢，我37岁生孩子，老公野比我小不少，当年我们也想丁，但是没你坚决，还是生了，41了，现在觉得有孩子虽然麻烦多但也挺幸福，其实无论如何选择，只要我们自己是个明亮的人，有没有孩子都会过的很好。,0.0
云南,有个很好奇的点 看见竹子（一个博主）生完孩子变得超好看 就是那种母性柔和的美 这个跟经济条件 保养还是运动有关啊,0.0
陕西,我女儿说 妈妈我长大了也不想和你分开[流泪],0.0
未知,我从来不思考这些，选择不婚不育就是为了自由，谁在乎哪天死，怎么死，我觉得八孩子带来是最对不起孩子的事儿，世界一点不美好,2.0
浙江,如果老了孩子不理我，是不是跟没有孩子一样[笑哭R],1.0
黑龙江,明白了，现在开始攒钱，到老了开养老院，直接入住[猪头],2.0
山东,奶奶真的好通透[赞][赞],1.0
未知,太长不看,1.0
江西,刚生完最好看，生完后真的衰老就会很快，然后眼里还无光,1.0
贵州,人类灭绝 ！地球：啥？还有这种好事[舔屏],1.0
安徽,要不是摆脱不了世俗，我也不想想！这世上多的是比生孩子更好玩的事情[哭惹R],2.0
未知,没钱[飞吻R],1.0
未知,正好我也不想生,2.0
江苏,伱那个年代，房子是单位分的[捂脸],1.0
广东,怎么能认识你,1.0
广东,你心态甘好，搵媒人婆更效率啊[捂脸],1.0
未知,如果说所谓的幸福是建立在，孩子将来去给别人当奴隶的基础上、建立在孩子将来一辈子上班、工作的基础上、建立在孩子将来痛苦的基础上，如果孩子的出生是为了继承焦虑、迷惘、贫穷、吃苦、受罪、受难、上班和工作，不生也是一种善良，而不是打着爱孩子的名义，干着伤害孩子的事,2.0
未知,这个问题，我可能回答不上来[失望R]不过我更反感的就是女人必须要结婚生子这样的人生才是完美的[捂脸R],1.0
上海,丁克就是有一方有问题 所以没孩子，丁克只是幌子,0.0
四川,现在的人有几个知道存钱养老的[笑哭],1.0
西藏,我八十几岁的外婆还要操心五个子女的生活，担心这个高血压担心那个糖尿病，没有享福，这么一看，还不如不生不养。当你生养孩子不是为了养老，不是为了所谓的延续基因，不求任何回报，而是有能力有决心把他培养成一个人格健全心理健康的完整的人，那么可以生。,0.0
未知,我一开始也不想有小孩，后来我听我奶奶一句话，她说，“要是我当面没生，那我现在可就一个人坐在这了，哪还能和你聊天”,0.0
未知,大部分孩子指望不上。,1.0
未知,我结扎了没想着结婚 除非他也把结扎证明拍在我面前 我才考虑结婚的,2.0
湖南,北京上海那些老一辈的采访就说的有水平得多,1.0
广东,刚生完好好看,0.0
陕西,是生命延续，是文化的延续，这可能说的有点大了！对于自己而言，理解了父母，理解了生活，生命的意义！有时候会觉得累，但是身体再累看见妻女，一下就充满活力！本想休息可听见“爸爸”的声音，这种何尝不是我们所追求的！,0.0
美国,65+ 有孩子的就很爽吗？[微笑R],1.0
未知,我老公是不想要孩子，我爸妈他爸妈天天骂他，他才同意生一个。当然我也不想生。,0.0
未知,还是要自己有钱，讨论完了不认账最后倒霉的也是自己,1.0
未知,结啊[笑哭R][笑哭R][笑哭R]梦寐以求,0.0
广东,你这样也是一种责任感，很多人自己都没活明白就生孩子,1.0
未知,都焦虑迷茫了，你也生呗，啥大不了的事，没必要折磨自己哈坚持不了可以不用坚持,0.0
广东,没啥区别，反而白胖了,1.0
辽宁,穷人请不要生孩子，谢谢,2.0
江苏,管那么多干嘛,1.0
广东,有孩子可快乐了,0.0
未知,我27岁，离异了，但是现在家里就总是给我介绍对象，催我结婚，最近又介绍一个，条件还不错，说什么都依着我，只不过我对他无感，说不上喜欢，但也说不上讨厌，但是我又不想结婚，不想生孩子，可是家里人又很满意，他33岁，我说我不想生孩子，他也说可以，我现在很纠结[哭惹R],2.0
北京,完了 我本来就不显年轻[笑哭R],1.0
重庆,孩子太治愈人了,0.0
河南,有孩子不是为了用[呲牙],0.0
未知,去看看医院的病房，有多少守在父母病床前的是儿女？绝大多数是老伴或护工。子女每天过来看看，张罗张罗与医生护士护工沟通，就已经非常不错了。当然，丁克连这个也没有。,2.0
广东,和我有同感 你是个好老婆[泣不成声],1.0
辽宁,这个全部文案可以发给我吗，我想存在记事本里，时不时拿出来看,1.0
未知,92年 结婚2年  越发不想要小孩，可能跟老公也有关系，他是真的懒，所以更坚定了，我觉得穷夫妻如果彼此很相爱，情绪都很稳定，要小孩也可以。但是男方不够勤快还是大直男就算了吧,2.0
广东,不知道是不是只有我一个人是这样的。儿子一岁了，我还是感觉不到幸福，感觉不到自己很爱他。每天睁眼就是他我也不知道这样的生活存在的意义在哪里[我想静静],2.0
上海,人的一生改变自己也很正常,1.0
广东,这种视频70后永远刷不到[尬笑][尬笑][尬笑][尬笑]天天推给00后干什么[尬笑],1.0
广东,生娃前会花心思打扮，穿漂亮衣服，怕被人比，生娃后，宽松衣服大裤衩，头发随手一扎，爱谁谁,0.0
上海,有没有孩子都可以是人生。,1.0
广东,真佩服博主如此清醒的头脑,1.0
山东,所有的人都是自私的，社会不会进步，环境不会变好，我们生的不是自己的希望，也不是国家的未来，二是我们自己爱情的结晶，我爱她，她也爱我，我们的小家有未来，我们的国家才会有希望。,0.0
河北,我觉得你生完更好看啊,0.0
北京,永远做自己，自由充实轻松。,1.0
山东,我其实很赞成博主的决定，一辈子其实很短暂，体验不同的乐趣，不同的生活挺好的，圆满。,1.0
未知,就是因为怕麻烦才丁克的啊～,2.0
未知,哪的孕前检查还收费？,1.0
安徽,不一定活到60啊，去体检了没，看看指标吧[偷笑R],1.0
四川,一个有孩 一个没孩,1.0
广东,[捂脸]作为一个90后来说 我不觉得生孩子未来就一定有依靠,2.0
云南,一个自私的人，她的快乐与众不同[赞][赞][赞],1.0
未知,现在养娃还要考虑抑郁的问题，我身边有好几个姐姐的娃初中就抑郁了，不上学不想学习，啥也不想干,1.0
未知,我们家也是刚养猫，猫猫这几天有点软便，猫砂踢的到处都是，昨天下班回家晚，回去看到猫粮吃完了，猫砂乱飞，家属坐在沙发上打游戏，我当时真的很生气，他就说他不适合养猫，我直接就说你是你不适合养孩子，不管是人还是动物。真的，养孩子糟心事更多吧，现在庆幸自己结婚三年多没瞎生孩子了,1.0
海南,通透之极,1.0
加拿大,我也94年已婚未育，我年底的还没满29岁，老公96年年初的，结婚3年了家里倒是不催，准备35岁再要小孩。,0.0
广东,怀着二胎的我怎么会进入丁克群[笑哭R]好奇的看了一遍评论[萌萌哒R],0.0
北京,生一个得了，多了折寿30年[泪奔],0.0
山东,明白了，不生孩子65岁噶掉，多么快乐的一生[doge],1.0
河南,开心就好嘛,1.0
内蒙古,五个月[害羞],1.0
未知,感觉就是在制造焦虑,1.0
四川,b j b j,1.0
海南,[赞][赞][赞],1.0
安徽,父母与孩子的关系不是恒久的占有，而是生命中一种深厚的缘分。,0.0
浙江,一生碌碌无为，唯一成感觉就是生了孩子，看着她开开心心，健健康康长大，我也不知道人生意义是什么。[泣不成声][泣不成声][泣不成声],0.0
浙江,一个只生你，不养你，出了事不帮你的人叫你生，你听吗？还有有必要对他孝吗？回答我的问题,1.0
未知,我36岁，生完宝宝一个多月。别恐慌，没有想象的那么可怕。,0.0
未知,……恰恰相反，我身边的女性包括我奶奶姑姑婆婆都是到了一定年龄还保持学习心态或者能力的，她们自己生活也能活的很好，相反她们的另一半到了相同年龄就失去了学习能力什么都不会…所以上面的人说的理由我并不能接受。孩子生来就是独立的个体，如果只是为了自己老有所依，自己想到啥也不会的父母是什么心态，再代入下孩子吧！,1.0
河北,"看到过一条评论，为什么要生小孩？
在三四十岁的某一天，你会突然发现，生命中最好的事，都已经发生过了，剩下的只是重复和老去，一年年，一天天。
而孩子会冲走重复，让生活重新变得未知。 Ta让你烦恼，让你牵挂，让你欢喜，让你惊讶，让你再经历一次童年，让你明白当年父母的心境，让你有理由买曾经求而不得的玩具，让你在痛苦时坚强，在危机中冷静，让你看到童年时的自己，看到他的勇敢，他的好奇，他的局促，他的不安，从而更好的理解自己，接受自己。
父母养育了孩子，孩子也陪伴了父母，父母和孩子滋养了彼此，也成就了彼此。在飞逝的时光中，他让未来有所期待。[泣不成声][泣不成声][泣不成声]",0.0
安徽,看完了感觉还是没什么用。[泪奔],1.0
山西,看见他的笑 心会融化,0.0
未知,一定要像这样。不然千万别结婚哈。反正不是我们,1.0
河北,生小孩就是为了气死你再把你的钱花光[捂脸],2.0
上海,我比较理解这个心里过程，因为前10年内心那些想玩想看的欲望满足了，想有个不一样的人生体会，所以考虑有个孩子，而之前都在满足自己的生活条件、想去看看世界的时候，是坚定不想被孩子束缚住的。现在的你，恰好是心态最平和的时候，也是最适合生孩子的时候。,0.0
四川,想当初没孩子的时候，甚至自己不想结婚，不想要孩子，觉得是负担，觉得是束缚。直到孩子出生后才发现做父母是世界上最幸福的事，没有任何事情可以比拟。爱他，保护他，陪伴他，和他一起欢乐、打闹。爱他，胜过一切。,0.0
未知,我不愿意，限量一个孩子够了。现在的孩子又不听话，要这么多干嘛？,0.0
河南,推给我干嘛[流泪]给我家长诶，他们总是刷不到这些[流泪],1.0
浙江,大家没必要去骂，因为人家毕竟也是老一辈，思想很[微笑][左上]所以不同人有不同的观点，尊重每一个人的观点，希望不要引起太大争议，真的感觉网暴很可怕[流泪],1.0
山东,因人而异吧，但如果我真不生孩子我就认我闺蜜的孩子当干儿子干闺女了哈哈哈哈哈哈,1.0
江苏,[赞][赞][赞],1.0
海南,我选择不生 我不会劝别人不生 我也不会嘲讽已经有宝宝的人,2.0
未知,87年男丁，福建人在合肥，医疗行业，已结扎，可去对方城市发展，蹲个女丁[笑哭R],2.0
未知,丁克根本就不用结婚,2.0
未知,选1和3的人，别的不说，起码他很狭隘,1.0
广东,我留着都给你[害羞],1.0
广西,可以多休假多钱,0.0
未知,我当了二十多年的孩子了，孩子有没有用我还能不知道？生来没用只会花钱偶尔惹你生气，这孩子不生也罢,2.0
广东,爱了爱了[比心],1.0
辽宁,如果我们的生活不能改变 孩子以后过我们同样的生活 那还要不要生？？,1.0
河南,孩子健康快乐就行！,0.0
浙江,对头发的影响很大啊,1.0
未知,什么样的待产包需要5千块,1.0
湖北,我…考研开始到结束的状态，跟你一模一样[哭惹R][哭惹R][哭惹R],1.0
未知,我就是穷人出来的，没有关系，真的累死了，不想生，感觉生了也是逃不过被🈹,2.0
北京,中年就已经很可怜了。不用等那么久,1.0
黑龙江,体态和心态，还有价值观会发生翻天覆地变化，尤其自己带娃的,1.0
广东,我接受不了,2.0
江苏,我做全职妈妈五年了，虽然每天都被生活琐事搞得脑仁疼，但是我从来没有后悔生下他们，看见他们一天天长大，很欣慰，很幸福,0.0
辽宁,遇到了什么都愿意，心甘情愿，一定会很幸福的,0.0
辽宁,直接说生不了不就行了吗[笑哭R],2.0
未知,孩子代表希望吧，没有孩子人生只剩下坡路了,0.0
未知,会吧，但是生完孩子就暂时不能工作，伸手要钱万一态度来了个一百八十度大转变多吓人，孩子要是天天自己照顾多吓人，还有生完孩子肉肉万一减不下去多吓人，回职场万一漏尿多吓人，惊奶了多吓人，万一……,0.0
未知,这种事肯定提前沟通吧,1.0
辽宁,陪着她重新过一遍我想要的童年，让她知道不小心打翻杯子不会被揍会被安慰，故意无所谓的态度打翻杯子会被揍[笑哭]想玩的游戏因为自己是大人了不好意思玩，洗脑让孩子喜欢拉她一起玩[笑哭],0.0
广东,[图片表情],1.0
河南,是你奶奶，在我们这属于自私自利的恶毒女人，光活自己[捂脸][捂脸][捂脸],1.0
北京,总结，不生孩子能活到105岁,1.0
辽宁,当富人的努力呗,1.0
广东,生完感觉没时间精力去打扮了，整个气质就变了,1.0
广东,关键女人39了，生产算高龄产妇,1.0
未知,不丁克也未必不是一个人离开……,2.0
未知,我对象都有这种想法，90后的,1.0
未知,基本没什么用，就算老公答应了你，等孩子出生后：啥？我答应啥了？别人能生你就能生，别人能带你就能带，富有富养法穷有穷养法，别成天叨叨叨，矫情！,1.0
未知,你让我说不想生小孩的原因我能说20条 我让你你说想生小孩的原因 你结结巴巴凑了三条,2.0
广东,希望和你有共同的未来[比心],1.0
广东,好正的三观[赞],1.0
未知,我48老公66，铁钉是肯定的。但是我认可过日子过到最后就是过个人气，但是人气一定是自己生的孩子吗？老哥们老姐们聚在一起就不是人气？我们现在有个六七百平的房子，没事儿经常有朋友过来小住，深知钱财生不带来，死不带去，所以大家一起从不计较谁负担多少，只图聊得来玩的好，余生也不差呀,2.0
江苏,那些老了准备去养老院的，我就问去干嘛？养老院里没有工人，只能自助，惊不惊喜意不意外！,0.0
江西,做第一个大爷的儿女 好苦 不管有钱没钱  不接受反驳,1.0
未知,不生就没必要结婚啊[笑哭R]，反正俩人没有牵绊,2.0
未知,啊？孩子就是生活的累赘[笑哭R],2.0
陕西,生了孩子以后感觉她在治愈我的前半生,0.0
江苏,感觉没啥变化[微笑R],1.0
未知,精辟[doge],1.0
上海,至少不婚不育压力小，晚年遭点报应，也可以😊,2.0
未知,兴致勃勃冲进来一看娃还没上学，你这是二胎最轻松的阶段了！,1.0
未知,这脸够丁的[笑哭R],1.0
浙江,就算不生孩子也会老的,1.0
广东,看你IP在四川 我也是四川人 但是在深圳生活 从小就想不要小孩 自己不喜欢小孩。但是我的四川爸妈就一直让我要小孩 这个怎么破。。,2.0
未知,孩子對我們一點意義都沒,2.0
江苏,奶奶说的太对了,1.0
河北,我不生，但是我想劝别人生,2.0
山东,我是懒得管了，大不了就自杀呗[黄金薯R]。老了没钱就找个河跳进去[握手R]。懒的管以后的事，大不了不活了,2.0
江苏,我没生，最近3年也感觉老了很多[暗中观察R],2.0
上海,[偷笑R]只要夫妻幸福恩爱 什么时候生 生不生都是自由选择 各有各的好,1.0
福建,"让我做了父母，同时也让我知道了父母的不容易，更能理解和包容父母
同时我也懂得了责任",0.0
湖南,推给我干嘛[流泪]推给我爸妈啊！,1.0
未知,在有经济基础的条件下，如果遇到一个有责任有担当并且爱我的人，我愿意生，孩子应该是爱情的结晶，而不是传宗接代的工具，但是生下来之后，男方也要照顾，以后万一离了婚孩子归我，他只出抚养费，否则我是不会生的,0.0
山西,生小孩有什么用？吃饭睡觉学习玩耍都在一起，我也不知道有什么用，可是就是这种陪伴的感觉就离不了,0.0
未知,必须要生，而且八胎,0.0
浙江,家庭本位和个人本位，中国还是前者，广大女性还是多看看李银河，当代女性，如何做自己,0.0
广东,都不结婚 一百年后直接绝种,0.0
未知,潇洒了大半辈子，晚景凄惨是我应得的[萌萌哒R],2.0
未知,丁克香的很。我朋友有儿子，当他父亲生大病时，他来送医院两次，然后各种理由再也没见过。久病床前无孝子。所以，现在的社会还是丁克香啊。,2.0
北京,太后悔要孩子了,0.0
广东,没有用，孩子不是工具，不是利用者。所有没有用。只是一种哺乳动物天生本能，是一种自然界发生的事情。,1.0
山西,这个问题用句老人言说吧——没孩子的哭瞎眼，有孩子的气破肚[笑哭R],1.0
未知,我有一部分和博主是同样的概念 觉得小孩子是魔鬼 而不同的是因为我只有1米4，常常会受到一些小孩子无情的嘲讽。甚至在坐电梯时都会受到这种嘲讽。深深的打击着我。不可能剩的一辈子都不可能的。我十几岁就有这个概念了，只是那个时候还不知道这种东西叫丁克。现在丁克的思想已经在我脑海里根深蒂固十几年了。,2.0
英国,已经生了一个，大部分时间想抽自己嘴巴，怨自己为什么要生孩子，现在是丁也丁不了了，养着也没啥太大意思，既要工作又要带孩子，情绪及其不稳定，每天像神经病,0.0
四川,说明操心会变老,1.0
未知,看到评论说制造焦虑的都是男性，我就放心了，姐妹们还是清醒的,1.0
广东,最早算她25结婚，6年31岁，高龄产妇，婆婆说她坏话是一天两天吗？娃爹怕影响休息～分房睡，就这也能忍下来[石化R]6年诶，婆婆待她不好不会跑？老公每天撒手不管你是产后才发现？有孩子了趁着孩子还小发现生活不行不会带着孩子一起跑？丧偶式婚姻和离异带娃有什么区别？,1.0
河北,生小孩 弥补自己的童年 哈哈哈 还有饭搭子,0.0
广东,好喜欢这种身材,1.0
未知,我在母婴行业工作了有三年多，博主说的真的只是毛毛雨，现在生宝宝的成本真的太高了，如果两个人还有房贷车贷，那就更不用提了，所以有准备生宝宝的家庭真的可以看看这个小姐姐写的内容，真的是做好准备再去要孩子，即使之后发生了各种困难，提前有过预想总比突然面临再去解决问题强！那个地方的经济发展不一样，呼和浩特就属于花销和工资不成正比，真的是一分钱难倒英雄汉[笑哭R][笑哭R][笑哭R],1.0
上海,怎么可能不遗憾呢，可是没有孩子真的开心自由很多哈哈哈哈哈,1.0
湖北,这是有钱的丁克[笑哭R],1.0
辽宁,"为了付出与欣赏，不求孩子完美，不用替我争脸，更不用帮我养老，只要这个生命健康存在，在这个美丽的世界上走一遍，让父母与他同行一段。
我慢慢的，慢慢的了解到，所谓父母子女一场，只不过意味着，你和他的缘分，就是今生今世，不断的在目送他的背影渐行渐远，你站在小路的这一端，看见他逐渐消失在小路转弯的地方，而且他用背影告诉你不必追。",0.0
江苏,感觉很好看啊，看着就阳光向上，笑容没变过[萌萌哒R],1.0
江苏,没说到点子上，一派胡言，,1.0
广西,爱生多生[飞吻R],0.0
河北,姐妹，你刚生完那一张太好看啦！,0.0
四川,一点都不老[飞吻R],1.0
浙江,顺其自然吧，结婚3年，我和我老婆36了。也没说一定得要。如果怀了就好好生养。如果没有就做好自己。最恨那种说完成任务只生不养的。人渣,1.0
福建,现在这么卷没学历没背景没钱加班打螺丝糊口怎么快乐 怎么健康,1.0
广东,听到龙应台就不想听了,1.0
广东,麻烦朋友们长摁视频，赞赏视频，每天可以送出免费的3朵小花花，支持一下谢谢大家[图片表情],1.0
湖北,真的好羡慕你这么洒脱，如果有下辈子一定丁克，这种社会环境真的不适合养娃。尤其是经济不是足够强大的情况下，内卷，压得人踹不过气,2.0
上海,我工作很忙 我老公程序员也很忙 我公婆没有帮衬我们 我们两个回家都没有空做饭吃都是吃外卖 我无法想象我们两个如此忙碌怎么可能有空照顾小孩 反正我是不会生孩子的 哪来的时间呢,2.0
陕西,第一次胎动，第一声喊妈妈，他迈出的第一步，第一颗乳牙，第一次亲吻你的脸颊，体验过的都知道，心萌化的感觉。,0.0
广东,我27岁，也不敢说自己是丁克，但我不喜欢孩子也没有生育的欲望，至少目前的我设想起未来几年，绝对不能接受出现一个小人儿的剪影，孩子于我而言代表着牺牲，让我说出生孩子的一个优点，确实说不出。我嘴上回应别人说我不确定过几年我的想法会不会变，但我也清楚心底是排斥的这只是一个暂缓的说法。我没什么事业心但也知道有钱才有底气[笑哭R]作者姐能清楚自己的想法并有能力去执行，真的好让人佩服,2.0
四川,有人老是问生孩子，结婚有什么好处。其实是一种人生的经历，另一种风景而已，当然都有选择的权利，硬要说好处？也许是让我经历了不一样的人生吧，不问前程。,0.0
福建,你这个叛变，跟因为恐慌和什么以后养老那种不一样，是值得支持的那种[笑哭R][笑哭R]，生活是自己的，想体验就体验，没毛病。,1.0
上海,姐姐刚生完最美,0.0
广东,大哥健康快乐就好[看]看着他真的很开心，也很好玩,1.0
未知,丁克可以养只猫陪伴，猫的寿命长达30多岁,1.0
山东,还是聊一下结婚有什么用吧,1.0
黑龙江,生活早已一成不变，他却时时在给我惊喜。这便是意义[比心],0.0
未知,家暴太可怕了,1.0
未知,接结扎男友,2.0
广东,除非出现富二代 不然难找,1.0
江苏,"就这么看着她，我都能乐开花  
意义，我觉得不需要意义，这是我自愿的",0.0
河北,人的想法都是会变的，不同的时期有不同的想法和需要，非常非常正常，随时都可以过自己当下想过的生活，是多好的一件事啊,1.0
陕西,哈哈哈哈,1.0
未知,挺中肯的，特别是女性选择丁克就要做好中年时候队友背叛的风险，我觉得这个是最大的问题，其他的都还好~[暗中观察R],1.0
未知,理解那些说没钱要不生的，我开始也是这个想法，后来30也没钱还是选择好赖生一个，千万别到你年纪大了，还没钱生也生不出来试管又那么贵而且还不保证，钱啥时候有头啊[笑哭R][笑哭R]永远不生孩子的女生都是勇敢的，很值得敬佩的，希望这世间对于他们多几分善意，我先撤了[哭惹R],0.0
未知,我妈怕我孤单，其他人怕我过太嚣张,1.0
未知,我读高中时就很羡慕我姐生孩子这件事 我就很想将来我也要生个孩子 要孩子是我的人生计划从未改变过 我也如愿以偿拥有了个可爱健康聪明的儿子 如今他四岁多了我很感激生命中有他的参与,0.0
湖南,像王冰冰！[皱眉R],1.0
江苏,挺好的，我女儿是来报恩的，怀孕生产带娃，全程无痛苦，哈哈哈，最关键我娃性格比我们都好，还会安慰我们，嘿嘿嘿嘿。[派对R],0.0
湖南,我生完娃也是瞬间老了几十岁[哭惹R]我24岁，别人说看着我像40+的[哭惹R][哭惹R]从坐月子开始就一个人带娃[哭惹R],0.0
山东,一定要生孩子、多生,0.0
河南,只愿他们健康快乐成长,0.0
未知,作者列举的这些都是必须的已经很保守了好吧，而且孕期、产后的一些滋补品和产后修复等等的这些对孕妈妈的必需品都没有算进去呢，那些说制造焦虑富豪家庭的男性能不能有点担当啊。一提到钱跟要命一样。,1.0
云南,无可替代的幸福,1.0
未知,93年，婚5年，还没开始准备呢[偷笑R] 身边有些人生了，但占总体的不到30%吧，未婚的都大有人在,1.0
河北,体验一下生活,0.0
北京,人生总得有点希望吧,0.0
上海,不生孩子是公主，生了孩子是丫鬟,2.0
湖南,我直觉也太准了[捂脸]这叔还没开口我就知道他要说这些,1.0
未知,更像是小孩塞不回去于是只好想想要小孩的好处的阿Q精神。,2.0
安徽,反正我觉得我姐生完娃以后真的给人一种奔四的感觉，她工作也比较清闲，娃也有人带，护肤什么没用，就是肉眼可见的老了,1.0
未知,不婚不育,2.0
山东,可惜大部分父母在孩子幼时做不到亲密陪伴，等孩子成年后又开始对你的生活指手画脚,1.0
未知,我可以选择  不生,2.0
未知,我够优秀了，不用克服恐惧，不用再给自己整课题了，我知足[看],2.0
未知,从来没觉得这世界有多好，长大了要不停工作。否则没法享受人生,1.0
广东,三观太正了[灵机一动],1.0
辽宁,能减少离婚率吧,0.0
上海,虎嗅前两天有一篇文章《小镇做题家的终点是小镇》，推荐看看,1.0
广东,婚要结  孩子随缘 钱已准备好  就等（他她）的到来[抱抱你],1.0
河北,一声妈妈，一生责任，一世牵挂。,0.0
广东,就算到70岁死了，也不会怎么样。70岁以后有没有孩子都一样不太爽[笑哭R],1.0
未知,未育不育的人很少关心已育的人小孩教好了吗养小孩钱够不够小孩心理健康不健康能不能上大学找不找得到工作，已育的天天自己家不顾好小嘴叭叭叭管未育不育的干啥？吃饱了真是,1.0
河南,就像那句歌词一样，童年的纸飞机终于飞回我手里[调皮],0.0
美国,我刚30结婚一年没小孩 家里没一个催我结婚生小孩的 催我的都是同学 催我的都生了小孩并且离婚了 这个魔咒我希望大家都能知道[doge],2.0
湖南,老人自私了，,1.0
未知,[笑哭R]我连婚都不准备结～,2.0
黑龙江,这年头自己生活都没有盼头，生个孩子两代遭罪！,2.0
未知,说实话 坐标武汉真没花那么多钱 第一是产检 怎么可能花的了一万啊 所有下来也就4000不到 无创DNA都是免费 而且产检可以报销一部分 报销下来自己花2000多 全刷医保 产检相当于没花钱 后面的费用也没你写的那么夸张[笑哭R],0.0
福建,现在说“我们那个年代”的，都觉得好笑，时代都在往前走，以那个年代的水准去养现在这个年代的孩子，哪个父母会不着急……,1.0
吉林,体验生命，一个就够，那些生二胎我是不理解,0.0
陕西,跟你三观很一致。唯一的不同是我没钱[微笑R][笑哭R][哭惹R],1.0
山东,不老呀，撸个妆，发型顶起来，依然可以很少女,0.0
浙江,确实，人活一辈子，不享受白活一遭,1.0
未知,过几天又得交幼儿园学费了，十万一年。还是小区里最便宜的,0.0
湖南,老一辈人就是为了养儿防老传宗接代。,0.0
辽宁,费钱[偷笑R],1.0
福建,感觉就是老了,1.0
山东,我就觉得很累，心累，身体累，不自由,1.0
未知,没有好的基因，没有好的条件，没有财产继承，要孩子干嘛？像十五年前养活就好了吗？那样是害孩子，孩子不是猫狗，不是能养活就可以要的，是责任,2.0
江西,我爱他❤️,0.0
未知,额 不跟进时代的去学习，还沾沾自喜可以靠儿女带，这是什么思想啊！理解不了～～,1.0
未知,我可以接受丁克,2.0
甘肃,屁用没有,2.0
广东,刷到你我希望6月份做妈妈[笑哭],0.0
浙江,不生娃也会这样老一点的，不碍事[红色心形R],1.0
未知,第一个问题就结束了，两个人都并不想要[笑哭R],2.0
日本,生娃艰难痛苦的也就10年，大了就好带了。不生娃孤独担惊受怕的也就人生最后的那10年吧。都一样，看自己。,0.0
广东,[哭惹R]连续4年3胎,0.0
重庆,我老公陪我进去生，最后一个进程了，我疼得死去活来的，他在旁边给我说，想象你在沙滩漫步，慢慢呼吸，我听得烦死了，然后他给我喂红牛，我怎么也吸不上来，用尽全身力量，结果我发现是他把吸管按的死死地让我喝[生气R]全程忙碌又捣乱，然后被医生赶出去了。,0.0
四川,我觉得这种顺其自然是最棒的！每种状态都尽情享受过，多好啊。,1.0
北京,为了爱，为了希望，为了对抗死亡。[呲牙],0.0
未知,[笑哭R]谢谢，你要这样对比的话，我一个俩孩家庭看得都觉得不选丁克是想不通。而且丁克的人多半都是讨厌小孩的，图二的画面在他们看来根本没有任何吸引力,0.0
北京,生孩子后一地鸡毛，感觉会折寿[汗颜R],2.0
山东,孩子就是我的情感输出，就是我的寄托，就是我的精神支柱，就是我的生活意义。,0.0
未知,纯属贩卖焦虑,1.0
四川,确实啊,1.0
广东,有俩娃的我，还回答不了这个问题，再过 30年，我如果还在，我应该能回答了[泪奔],0.0
浙江,现在很多女的三观有问题，感觉生小孩是为了婆家生，非要拿多少钱不然就吃亏似的。都忘了血脉是改不了的，你的孩子就是你的孩子，而生孩子是你这辈子做的最伟大也是最不可思议的事，因为你创造了一个生命，碌碌无为的一生你也就这个事最伟大了。,0.0
浙江,才三个缺点啊[偷笑R],1.0
辽宁,工作很累，生活很苦，但一开家门就听见女儿高声喊爸爸，每天就都有期待,0.0
山东,生了孩子 活下来的只是他的妈妈了 没日没夜的带娃 腰痛身体各种不舒服 我已经没有自我了,2.0
浙江,生娃之后明显觉得老了[失望R],0.0
未知,社会在变，可能70后不要孩子的现在会后悔，但是90后不要孩子过个十来年只会庆幸幸亏没要孩子,1.0
山东,2070年如果还有护工扇巴掌 那我只能说China完了[失望R],1.0
未知,我妈妈就是这样，拼命付出，得体退出，超级美丽，超级可爱。虽然可爱的她去年去了天堂，但我一定带着她的爱好好活下去。我妈的名言：呵呵，我才不要你养老[偷笑R]你自己养你自己就好了我的宝贝。我对你的唯一期待：自己交社保。想着她就很温暖啊[哭惹R],1.0
未知,每种生活方式都有各自的快乐和烦恼，选择不同，体验不同；在各自的围城里看对方，若做不到互相欣赏，至少可以互相尊重，生活方式没有高级低级之分。--来自即将步入第三个本命年的大龄单身女青年,1.0
安徽,运气好的话生个孩子带来无限的快乐，如果孩子不懂事可能毁了整个家的幸福,1.0
重庆,我已经有两个孩子了,0.0
四川,我爸妈是反向操作的，他们聪明很得。[看],1.0
河南,之前我问我妈妈 如果你没有我们三个孩子你和我爸估计每天吃香的喝辣的 我妈妈说 我的说法是不对的 孩子就是她挣钱的动力 如果没有我们 他们的日子也许没有这么多的期盼 也许就是平平淡淡 没有这么大的动力去打拼去努力,0.0
河南,39岁不晚，我就40岁生娃，,0.0
未知,很好 我和老公准备好好谈谈这些个问题[偷笑R][偷笑R][偷笑R],1.0
湖北,老了有没有孩子都很可怜,1.0
湖北,拥有两个铁塔子呀。,1.0
四川,不这样想 如果我有钱有能力 我还是会要一个孩子 来治愈自己童年所受的伤,0.0
未知,生一个，男女都行，平安快乐就行,0.0
未知,有钱 另一半和双方家庭支持会生 头胎好养公公婆婆老公各方面综合OK会生第二个 但是不满足任何一个条件都不生,1.0
广东,丁 就是离婚没压力[捂脸],2.0
广东,不要孩子，千万不要,2.0
广东,正是因为以前穷还硬要生往死里生，生下来又没时间没精力没心思去管教小孩，那些小孩的童年都不是快乐的[流泪],1.0
广东,怀孕一个月就憔悴显老了[笑哭R],0.0
江苏,手机里都是我女儿照片，每天都要给她拍照片，天天能见到她，但是工作时候还是一天看她照片无数次,0.0
贵州,主要是，未来有个盼头,0.0
新疆,我觉得这个回答很中肯，每个选择都有对有错,1.0
北京,老妈不小心摔倒髋部骨折，我和老爸及老公带着她去医院看急诊做检查。偶遇一对80多岁夫妻，他们没孩子，老太太骨折老爷子带着看诊照顾。大厅里都是子女带着摔伤的老人看诊、检查，所以这一对格外醒目。,1.0
未知,在没遇见我男朋友之前我是蓝方[偷笑R] 但是和他在一起之后 就特别想和他恋爱结婚 想生一个男宝宝👶🏻看看他小时候的样子 因为我男朋友眼睛真的好大[笑哭R] 大眼睛长睫毛双眼皮 我一样都没有[笑哭R][笑哭R],0.0
云南,能不能活到75也是个问题[偷笑R],1.0
湖北,你有钱，人家老干部没钱？,1.0
未知,说得对，最重要的是本位思维。如果孩子是你自己不想要的，以后老公变想法了，换个老公过就是，反正是自己想做的事儿，自己承担后果，没什么好后悔的。但是要是自己想要老公不要，过了黄金生育期，老公又想要自己生不了了，y于是俩人过不了一起了，那还不得气死。如果自己想要老公不想要的话…还是换个老公吧姐妹,1.0
陕西,"话说的真好听,“不用帮我养老”，我爸妈是农民，老了不给他们养老，让他们饿死吗？",2.0
未知,我怕痛，本人已经更丑了要是再生孩子更丑，老得更快，而且我超级无敌讨厌小孩子，也很怕小孩子,2.0
陕西,你生，你多生，都不生谁当韭菜啊,0.0
未知,还删评论？,1.0
陕西,我以前也觉得我肯定不会生孩子，但是我前阵子看到一个帖子，说30多岁，父母去世，和老公感情也就那样，一个人很孤独很无助没有精神寄托。我突然就理解了为什么要生孩子。。。。,0.0
广东,我爸一直把我当小孩，从没催过，就问我身体怎么样，吃饭了没[送心],0.0
北京,[笑哭R]我没生孩子，到了30岁也觉得自己长相老了，说不上来哪里有问题，也不是长了皱纹，也不是说装扮成球了，但是长相很明显就是年纪大了。咱就是普通打工人一个也没那么精致[笑哭R]。,2.0
山西,“老了没有依靠”，哼！我就是做儿女的我难道不知道自己靠不靠的住？,1.0
美国,感同身受前三点,1.0
湖北,我喂了三年，脸垮了都，熬夜一个人带娃，,1.0
未知,我喜欢孩子，我图她会叫我妈妈，会在感情上依赖我，被需要，被爱,0.0
上海,"我和老公是丁克～
想求有车🚗的（我俩不会开车）、在上海工作的丁克夫妇可以一起自驾游。
我们可以分摊油费🛢️ 、过路费🌉 、做攻略📖。
我俩有云南各地☁️、东北三省各地、新疆🍇、三亚🏖️、桂林⛰️、广东各地🥗、重庆🍲、成都🐼、青岛⛵️、香港🇭🇰、澳门🇲🇴巴厘岛🏝️、韩国🇰🇷、泰国🇹🇭等国内外自由行做攻略经验。
想找丁克的35岁以上的夫妇💑一起看世界🌍～",2.0
未知,每个人生阶段的感受不同想法也不同，选择丁克要有个人承受痛苦的能力！,1.0
江西,就是那种变老是自己明显能感觉到的，喂奶胸也下垂了。虽然罩杯还是c就是瘪瘪的。不想生二胎了，对自己好一点,0.0
未知,我选择单身生活[偷笑R],2.0
吉林,宝啊，你要没条件千万别要，你已经受尽了生活的苦，你还让他来受吗？还有丢给老一辈看管的，天天遇见领孩子过马路不看车的老人[捂脸],1.0
浙江,我觉得如果你自己从小到大过得很幸福，是可以生个孩子，把这份美好传下去，家里也不会有什么鸡飞狗跳。如之不然，还是要慎重的，包括选另一半结婚。,1.0
未知,感觉第二点不太能理解，有生育保险就可以报销很大一部分吧？,1.0
贵州,我个人觉得如果不爱学习依赖人的人还是生孩子吧，不生孩子单身的人需要样样事情自己搞定，需要一直有坚持学习的能力。,0.0
广西,刚生完那一年很气质,0.0
江苏,中国人就是活到老干到老,1.0
未知,评论里男的都说制造焦虑 都是屁事多,1.0
湖南,想问问什么自由职业者呀，好羡慕我也想当自由职业者,1.0
广西,我是三十几岁的孩子。。。,1.0
上海,最大区别就是有孩子和没孩子！,1.0
河南,我闺女快九个月了 她爸爸心情不好的时候看见她就会心情好些 就这样,0.0
广东,不能下载，是我一生的痛[流泪][流泪]本来想甩到家长群的[舔屏],1.0
广东,这是真的，特别生完二胎后，断崖式衰老。[哭惹R]聚会个个都说我怎么突然变憔悴很多[捂脸R],0.0
江苏,我超级认同那句话：责任感强的人才不会随随便便生孩子。,1.0
安徽,我就想问你们，生孩子怀孕一年，出生3年得细心照顾，不能出远门，4-6岁得上幼儿园，动不动就生病住院，6岁到18岁又得参加应试教育，卷的孩子累家长也累，最后可能还只能上个普通的大学，25岁成家，26-30生孩子，你还得带孙子，大家都是生命的体验者，难道生命的意义就是为了下一代吗，虽然我有女儿，我也很爱她，但是有一胎足矣，我特别理解丁克的夫妻，他们有勇气过自己想要的生活,2.0
辽宁,我生孩子的体验是生孩子并不催人老，很多明星模特生完就出来也能看出来，主要是熬夜带孩子催人老。熬夜是最大的元凶。,0.0
未知,那个男人怕影响休息，分开睡[石化R]6,1.0
河北,他能替我花钱呀！！！[泪奔],1.0
未知,真不想生孩子的人，是不会看周围的人生不生的[笑哭R]我左右邻居都是丁克夫妻，一对40多岁，一对50多岁，然后我家在中间，我三十多也不想要孩子[偷笑R],2.0
北京,享受一辈子老了难受点也没啥,2.0
广东,既然是慢慢离开，为什么还要呢，倾其所有就为了一次次送别吗,2.0
广东,我们寨上无儿无女得，最后连送终堵没有人工，也看不出他过得多好，只有独单陪伴,0.0
广东,没有劝生娃的意思。但我这几年生娃后，才发现这叫夫妻共同财产。。。,0.0
陕西,活得通透的老人[赞][赞][赞][赞],1.0
辽宁,有用啊，当奴隶,0.0
未知,我哥和嫂子就是丁克，四十多了十分潇洒，俩人都很爱玩，大家都觉得他们有孩子才是真的不幸，也没人催[笑哭R],2.0
未知,点错了不好意思[失望R],1.0
河北,该打还是得打[不失礼貌的微笑],1.0
未知,这样99％的人都不配生孩子，我家俩孩子他爸从未管过，生了半年后才回家瞄了一眼闪人了，独自一人买房装修带娃，骨灰级的孤独，好在习惯了，越来越喜欢一个人生活了,2.0
北京,多了一个身份。孩子是妈妈的第二次成长，孩子是妈妈心尖上的小宝贝[微笑R]妈妈是孩子一辈子的守护天使。,0.0
未知,女生对另一半没有信心，也是不想生孩子的一个原因,1.0
广东,没用，不要生,2.0
未知,我奶奶爷爷是在全家人的照看下离世的，但也有明明有儿有孙但还是跳河自杀的（我一个老姑），和独生子娶妻后被教唆不孝把爹妈赶回老房子住的……,1.0
北京,作为一个父亲我告诉大家生小孩没有任何用处 但是我喜欢 我希望把快乐的生活分享给孩子,0.0
陕西,衰老是真的，我这已经开始医美了[哭惹R]狗日的再也不生了[哭惹R],2.0
四川,属于40岁的通透,1.0
广东,她会说妈妈我最爱你哦，妈妈你睡不着么，妈妈祝你工作开心，妈妈你知道了嘛，妈妈你好美，妈妈给我买长长的裙子，妈妈我想要那个卡片，妈妈我给你做了花花。我又有了一个好朋友，我逐步逐步把自己童年的缺憾都弥补了，想到她对我表达的爱，我都会泪流满面。她对我有情感治愈的功能，这是个非凡的意义。,0.0
山东,刚生完那张照片状态好好啊,1.0
未知,有了孩子，还把父母杀了呢，那不是找了一个杀自己的人吗？生了一个杀了自己的人，而且现在病情疫情还这么严重，生完了再得出点啥，并储为啥呀？自己还没活，咋地呢？让孩子受罪,2.0
北京,哈哈哈哈这个问题应该是真活到80岁上下还没孩子的人来现身说法才有说服力吧。都是年轻人的臆测，我现在看到60多岁没孩子的都说挺好，没啥后悔,2.0
北京,活得通透的老人,1.0
上海,1100w应届大学生（其实也变相说明现在大学生遍地）找不到工作，不急，因为可以回家吃父母的。800w出生率，急了，急什么啊？14亿了，还急,1.0
未知,我不想结婚生子，也不会到处说啊，我不想的原因是条件不好找也找不到好的 基因不好生也生不出好的，如果我在谁的面前都可以说出这句话，岂不是伤害了那些条件和我差不多甚至不如我的人,2.0
美国,我叔丁克到50岁，因此而离婚。52岁遇上了小25岁的女友，53岁再婚，今年59岁连生3个女儿[笑哭R],0.0
未知,想丁克就结扎 断了后路,1.0
未知,月经都不支持，我怕以后怀孕不了吧[哭惹R][哭惹R]，阔以生，就是有点害怕痛[捂脸R]最主要是遇不到好男人，我性格吸渣，所以性格内向，找不到男朋友的[捂脸R],0.0
未知,自己都没有能力活好，怎么回去生孩子，给不了孩子好的生活，为什么生孩子？,2.0
辽宁,不一定活那么久，能爽的爽完了就可以美美去世了,1.0
未知,说了一大堆，跟没说一样,1.0
未知,自己喜欢就好,1.0
未知,是真的 那些生小孩张口就来的养个宠物都养不好,1.0
重庆,好通透[流泪],1.0
广东,这是咋回事 应该是带孩子累了,1.0
河南,养老院不可靠的中国现在的养老院还是不规范，到里边老人挨打的很多的，有子女的还是要在家和子女共享天伦之乐,1.0
湖南,宝宝出生后，我的生命就变得更加又意义了,0.0
北京,感觉更美了实话,1.0
广东,老一辈就是觉得自己吃过的苦下辈也要吃[比心],1.0
未知,就是是达成 也别要孩子 孩子跟这些没关系,2.0
未知,他想法和你不一致 你一定要谨慎,1.0
湖南,不懂就问，让自己过得舒服一点是犯法了吗,1.0
山西,丁克，年轻时根本不怕，小两口过的快乐。就怕40岁，那个才是坎，过了那个坎才算是真正丁克，而男的可以随时反悔，女的就不行了[捂脸][捂脸][捂脸],0.0
广东,说不出来有什么好处[泪奔],2.0
山东,多了个孩子,1.0
马来西亚,人本来就是为自己而活阿...这辈子只有一次 也没有谁规定一定要生孩子才一生美满吧？看自己怎么想了...一个人来到这世间，已经够痛苦够复杂了...偶尔体会一下人世间的快乐...有没有下辈子还不一定...只求这辈子活好一点...不求很好但求为心无愧，没有白来世间走一遭...先活好自己...想要就生...不想要就去旅行去完成自己的生命旅途...看看风景...将来走马灯至少不后悔遗憾...,2.0
未知,对未来说不，是啥意思？,1.0
辽宁,是的也有一个小棉袄[看],0.0
安徽,让自己多一个至亲，不然等父母走了，谁来爱你？,0.0
广东,先不说生不生孩子了 的确孤独是有点难受的,1.0
未知,最幸福的就是你不想生你找的老公也不想生，步调一致的人在一起最舒服,2.0
未知,我儿子与女友不要孩子，虽然他们还小可能不成熟，可是可是我四手赞成！[笑哭R]真的别生了！,2.0
澳大利亚,我一想到喂奶，带娃，接送上学，做饭，鸡娃，精力金钱都是要花不少的，而且是生下来就要操心一辈子的事。没了自己的生活。我就不敢生。[笑哭R],2.0
广东,[赞],1.0
山西,有人会懂你的痛，但他的父母只着急抱他的宝贝孙子。我不明白2023年了还有这样的父母。我连结婚都不敢想。,2.0
未知,[赞]，生完孩子后，真的觉着自己不够优秀，自己进步，成为她的榜样！,0.0
未知,我不生了,2.0
广东,好爱我滴仔[抱抱你][抱抱你][抱抱你],0.0
山东,没用 真的 分分钟能让你气死你 刚才我就要被气炸了,2.0
江苏,口音很江浙沪啊,1.0
未知,我怕他还不如我，不想面对,2.0
湖南,其实也不知道有啥用[捂脸]，教育费神，喂养费力，但是我家女儿暖心我也不后悔[坏笑],0.0
未知,生个毛线,2.0
未知,我老公说家里三个猫去哪里都不太方便还更别说小孩 麻烦死了快别生了吧,2.0
上海,最讨厌说“我们那个年代”怎么样怎么样,1.0
广东,我优秀，可以追我吗[泪奔],1.0
福建,可以让你少活几年[泣不成声],2.0
未知,我觉得爹妈生我的时候他们肯定没想这么多，甚至不会说达成共识白纸黑字写下来，反正他们都把力所能及中最好的条件给我了，我觉得这完全和穷富无关,0.0
河北,我娃满月照片和百天照片我状态差了不是一点半点，熬夜太毁人了。,0.0
贵州,不论是选择丁克还是三口之家，都是一种不同的人生体验，最重要的是你一直在自我成长，认知到位，具备经营好家庭、事业、财富、育儿的智慧，所以无论你怎么选择，都是圆满的人生。[飞吻R][飞吻R][飞吻R],1.0
广东,没有孩子的人生就是白活,0.0
未知,看完不想生了[微笑R],2.0
广东,这么漂亮的小姐姐，一定缺一双像我家漂亮的鞋子👠[捂脸][捂脸][玫瑰][玫瑰][玫瑰][比心][比心][比心],1.0
湖南,怀孕前,1.0
湖北,生孩子就像打游戏一样！ 顶级了就要专职 ！养孩子 不是为了防儿养老 也不是为了传宗接代！ 就图个体验，只希望孩子身体健康 成绩好不好无所谓  平安快乐就好！,0.0
陕西,真的很喜欢小孩[送心],0.0
新疆,谁说我生了两个儿子，那是我的两个小兄弟[灵机一动],0.0
未知,会会会，会很惨，别惦记咱丁克那点破事，去奶好你自己的娃吧真是的[微笑R],2.0
内蒙古,不用早起做早点 送上学[笑哭R],2.0
未知,能睡觉为什么不选择睡觉,1.0
北京,防不了老 也带不来什么  但是你老的时候能回想养娃时候的日子 总之老了还有个牵挂了,0.0
山东,你是带孩子来的，不是孩子自己来的,1.0
未知,其实吧，老了如果身体好，也没有太多啥需要养的。就是可能去医院，做手术需要家人签字啊之类的比较麻烦。身体不好的话，特别是老年痴呆，有没有子女你的存在状态就是那样了。子女除了能提供一些经济支持，也做不了太多。,1.0
湖南,Pua女性文章。姐妹们去看别的,1.0
未知,这个问题在我们闽南太突出了。以前在老人眼里，生女孩=不会生。这种媳妇在婆家的待遇可想而知。希望随着时代的变迁，这种老封建思想能消亡,1.0
未知,丁克总归是少数 不生孩子又不是特别需要炫耀的事 怎么那么多人好像当个奖章似的 喜欢就生 不喜欢就算[石化R],1.0
江苏,很多人爱送小孩出去念书，丢给爷爷奶奶带，难道所有小孩都会成龙成凤吗，对于我来说一家人每天在一起，孩子健康快乐已经是天大的幸福了。,0.0
广东,有钱就一直爽，没钱啥年龄段都不爽。,1.0
未知,暂时，就我当下啊，我不想生，但以后可能改变的啊，都不一定[偷笑R],2.0
意大利,不用活这么久，父母走了自己也跟着去了,1.0
未知,我觉得博主说得很好啊，也是呼吁大家理性对待，一定要做好准备，根据自己的切实体验给出建议，但是为啥评论区有些人的戾气这么重呢？,1.0
广东,生孩子的好处，体验做父母,0.0
未知,支持生也支持不生，但是口口声声说不生最后巴巴的去生孩子的我只会狠狠嘲笑[偷笑R],1.0
美国,姐们儿你画画妆就行了[偷笑R]再打两针玻尿酸 肉毒 完美,1.0
江西,[微笑][微笑][微笑],1.0
湖北,反正我周围老了没孩子的老人，主要是内心寂寞，什么都是一个人，大家都很同情，平时说话的人也没有，老了，搞不动了，房间很臭,0.0
四川,不是生娃，是熬夜带娃,1.0
湖北,不听不信不照做[害羞],1.0
未知,现在网上说不婚不育的大多是二十出头的呀。生活中，30左右结了婚的不生小孩的很少,0.0
江苏,但其实不是每个父母都爱孩子的真的,2.0
